<?xml version="1.0" encoding="UTF-8"?>
<beans xmlns="http://www.springframework.org/schema/beans"
	xmlns:xsi="http://www.w3.org/2001/XMLSchema-instance"
	xsi:schemaLocation="http://www.springframework.org/schema/beans https://www.springframework.org/schema/beans/spring-beans.xsd">

	<!-- Root Context: defines shared resources visible to all other web components -->
	<bean id="dataSource"
		class="org.apache.commons.dbcp2.BasicDataSource">
		<property name="driverClassName">
			<value>oracle.jdbc.driver.OracleDriver</value>
		</property>
		<property name="url">
			<value>jdbc:oracle:thin:@168.126.146.45:1521:xe</value>
		</property>
		<property name="username">
			<value>ss20211296</value>
		</property>
		<property name="password">
			<value>20021209</value>
		</property>
		<property name="maxTotal">
			<value>2</value>
		</property>
		<property name="maxIdle">
			<value>2</value>
		</property>
		<property name="maxWaitMillis">
			<value>10000</value>
		</property>
	</bean>
	<bean id="transactionManager"
		class="org.springframework.jdbc.datasource.DataSourceTransactionManager">
		<property name="dataSource" ref="dataSource" />
	</bean>

</beans>
